####################################
# SETUP
####################################
CREATE DATABASE statements_digest;
USE statements_digest;
CREATE TABLE t1(a int);
CREATE TABLE t2(a int);
CREATE TABLE t3(a int, b int);
CREATE TABLE t4(a int, b int);
CREATE TABLE t5(a int, b int, c int);
CREATE TABLE t6(a int, b int, c int, d int);
CREATE TABLE t11 (c CHAR(4));
CREATE TABLE t12 (c CHAR(4));
SELECT * FROM performance_schema.setup_consumers;
NAME	ENABLED
events_stages_current	YES
events_stages_history	YES
events_stages_history_long	YES
events_statements_current	NO
events_statements_history	YES
events_statements_history_long	YES
events_transactions_current	YES
events_transactions_history	YES
events_transactions_history_long	YES
events_waits_current	YES
events_waits_history	YES
events_waits_history_long	YES
global_instrumentation	YES
thread_instrumentation	YES
statements_digest	YES
TRUNCATE TABLE performance_schema.events_statements_summary_by_digest;
####################################
# EXECUTION
####################################
SELECT 1 FROM t1;
1
SELECT 1 FROM `t1`;
1
SELECT 1,2 FROM t1;
1	2
SELECT 1, 2, 3, 4 FROM t1;
1	2	3	4
SELECT 1 FROM t2;
1
SELECT 1,2 FROM t2;
1	2
SELECT 1, 2, 3, 4 FROM t2;
1	2	3	4
INSERT INTO t1 VALUES (1);
INSERT INTO t2 VALUES (1);
INSERT INTO t3 VALUES (1, 2);
INSERT INTO t4 VALUES (1, 2);
INSERT INTO t5 VALUES (1, 2, 3);
INSERT INTO t1 VALUES (1), (2), (3);
INSERT INTO t1 VALUES (1), (2), (3), (4);
INSERT INTO t3 VALUES (1, 2), (3, 4), (5, 6);
INSERT INTO t5 VALUES (1, 2, 3), (4, 5, 6), (7, 8, 9);
INSERT INTO t1 VALUES (NULL);
INSERT INTO t3 VALUES (NULL,NULL);
INSERT INTO t3 VALUES (1,NULL);
INSERT INTO t3 VALUES (NULL,1);
INSERT INTO t6 VALUES (NULL, NULL, NULL, NULL);
INSERT INTO t6 VALUES (1, NULL, NULL, NULL);
INSERT INTO t6 VALUES (NULL, 2, NULL, NULL);
INSERT INTO t6 VALUES (1, 2, 3, NULL);
INSERT INTO t6 VALUES (1, 2, NULL, 4);
SELECT                                          1           +        1;
1           +        1
2
SELECT 1;
1
1
SELECT 1 /* This is an inline comment */ + 1;
1 /* This is an inline comment */ + 1
2
SELECT 1+
/*
this is a
multiple-line comment
*/
1;
1+
/*
this is a
multiple-line comment
*/
1
2
CREATE SCHEMA statements_digest_temp;
DROP SCHEMA statements_digest_temp;
CREATE DATABASE statements_digest_temp;
DROP DATABASE statements_digest_temp;
SELECT 1 FROM no_such_table;
ERROR 42S02: Table 'statements_digest.no_such_table' doesn't exist
CREATE TABLE dup_table (c char(4));
CREATE TABLE dup_table (c char(4));
ERROR 42S01: Table 'dup_table' already exists
DROP TABLE dup_table;
INSERT IGNORE INTO t11 VALUES("MySQL");
Warnings:
Warning	1265	Data truncated for column 'c' at row 1
PREPARE stmt FROM "SELECT * FROM t12";
EXECUTE stmt;
c
EXECUTE stmt;
c
DEALLOCATE PREPARE stmt;
CREATE PROCEDURE p1() BEGIN SELECT * FROM t12; END//
CALL p1();
c
CALL p1();
c
DROP PROCEDURE p1;
CREATE FUNCTION `func`(a INT, b INT) RETURNS int(11) RETURN a+b //
select func(3,4);
func(3,4)
7
select func(13,42);
func(13,42)
55
DROP FUNCTION func;
CREATE TRIGGER trg BEFORE INSERT ON t12 FOR EACH ROW SET @a:=1;
INSERT INTO t12 VALUES ("abc");
INSERT INTO t12 VALUES ("def");
DROP TRIGGER trg;
####################################
# QUERYING PS STATEMENT DIGEST
####################################
SELECT schema_name, digest, digest_text, count_star FROM performance_schema.events_statements_summary_by_digest;
schema_name	digest	digest_text	count_star
statements_digest	aa61be84e229b6c3ab5b925b89d57a47	TRUNCATE TABLE performance_schema . events_statements_summary_by_digest 	1
statements_digest	0fcfc1e506af5108c8a1a15c8d72abcf	SELECT ? FROM t1 	1
statements_digest	585ab874815885a42f05b10a8f76bf99	SELECT ? FROM `t1` 	1
statements_digest	e70f766daa86da9f533b4e06694065b0	SELECT ?, ... FROM t1 	2
statements_digest	7759e63c70ba7b1d98933b6241a7683b	SELECT ? FROM t2 	1
statements_digest	461be55b182c42815184909b67d9d770	SELECT ?, ... FROM t2 	2
statements_digest	153ef5e393dbcb0a243101c6156cc1e8	INSERT INTO t1 VALUES (?) 	2
statements_digest	c03aa653f1cb4af06b479eb92cfb0d7e	INSERT INTO t2 VALUES (?) 	1
statements_digest	db1672e4699d0791d7157ee195056fd1	INSERT INTO t3 VALUES (...) 	4
statements_digest	4bc529b9f8abc788bf12cb651af39207	INSERT INTO t4 VALUES (...) 	1
statements_digest	bb903ac347f1c76b6e6e0a49564b9a65	INSERT INTO t5 VALUES (...) 	1
statements_digest	aef14aeed800f0e040695bdb7e3d7b32	INSERT INTO t1 VALUES (?) /* , ... */ 	2
statements_digest	eb896b34088cd5822d585a653147e815	INSERT INTO t3 VALUES (...) /* , ... */ 	1
statements_digest	35ed45e723e7a690aa94fa9096fa2283	INSERT INTO t5 VALUES (...) /* , ... */ 	1
statements_digest	e2132b264fbc7884c073d67d0a4fb622	INSERT INTO t6 VALUES (...) 	5
statements_digest	2b9da67f9eec6f06d0a7b1f5ba1a1869	SELECT ? + ? 	3
statements_digest	b4b4bbb145d74363fec80d6be58a637a	SELECT ? 	1
statements_digest	d6046edfae562473d55936712af41947	CREATE SCHEMA statements_digest_temp 	2
statements_digest	aefcc5dad571f3aa77b5ee950e14e542	DROP SCHEMA statements_digest_temp 	2
statements_digest	388e748bea55c316ee6bdd777aaf962a	SELECT ? FROM no_such_table 	1
statements_digest	4583c51c2be68b0992ebc1a5a0197aa0	CREATE TABLE dup_table ( c CHARACTER (?) ) 	2
statements_digest	d878b07d3b7bfd73e5383613a02830b9	DROP TABLE dup_table 	1
statements_digest	b3d4cc2f0c0303bb92bec1a8aac62283	INSERT IGNORE INTO t11 VALUES (?) 	1
statements_digest	7c0dce767531d3937f8ff44c72f9a841	SHOW WARNINGS 	1
statements_digest	22a4cccefe7384bbb20eebe7faaa46f8	PREPARE stmt FROM ? 	1
statements_digest	555ad72ce5fe2593566df60706f0be13	EXECUTE stmt 	2
statements_digest	2ad259bc21bacd5beaf1e138f3231972	DEALLOCATE PREPARE stmt 	1
statements_digest	44a025dbc8bbcee98dc645723a1f7952	CREATE PROCEDURE p1 ( ) BEGIN SELECT * FROM t12 ; END 	1
statements_digest	67e44f277603a1818c1c97a0c79284be	CALL p1 ( ) 	2
statements_digest	2c517bf25d0c26930d2753f08e310747	DROP PROCEDURE p1 	1
statements_digest	6bd5e06190a3f8f104ae72ce86604a5a	CREATE FUNCTION `func` ( a INTEGER , b INTEGER ) RETURNS INTEGER (?) RETURN a + b 	1
statements_digest	c8e9c7750734b6066803e8efc032c8ad	SELECT func (...) 	2
statements_digest	8fada9d87a2f6307c25b133197e413e5	DROP FUNCTION func 	1
statements_digest	102535800bce6df3bf2eda89f317e364	CREATE TRIGGER trg BEFORE INSERT ON t12 FOR EACH ROW SET @? := ? 	1
statements_digest	4f1f91d5bf66365e7e9d8a9a8cdebd66	INSERT INTO t12 VALUES (?) 	2
statements_digest	a6cdf4330814a01e5d7a53cd1820ba11	DROP TRIGGER trg 	1
SELECT digest, digest_text FROM performance_schema.events_statements_current;
digest	digest_text
####################################
# CLEANUP
####################################
DROP TABLE IF EXISTS t1;
DROP TABLE IF EXISTS t2;
DROP TABLE IF EXISTS t3;
DROP TABLE IF EXISTS t4;
DROP TABLE IF EXISTS t5;
DROP TABLE IF EXISTS t6;
DROP TABLE IF EXISTS t11;
DROP TABLE IF EXISTS t12;
DROP DATABASE IF EXISTS statements_digest;
