SET @@session.default_storage_engine = 'InnoDB';
create table t1 (a int, 
b int generated always as (-a) virtual,
c int generated always as (-a) stored);
set sql_warnings = 1;
#
# *** INSERT ***
#
# INSERT INTO tbl_name VALUES... DEFAULT is specified against gcols
insert into t1 values (1,default,default);
select * from t1;
a	b	c
1	-1	-1
delete from t1;
select * from t1;
a	b	c
# INSERT INTO tbl_name VALUES... NULL is specified against gcols
insert into t1 values (1,null,null);
ERROR HY000: The value specified for generated column 'b' in table 't1' is not allowed.
select * from t1;
a	b	c
delete from t1;
select * from t1;
a	b	c
# INSERT INTO tbl_name VALUES... a non-NULL value is specified against gcols
insert into t1 values (1,2,3);
ERROR HY000: The value specified for generated column 'b' in table 't1' is not allowed.
select * from t1;
a	b	c
delete from t1;
select * from t1;
a	b	c
# INSERT INTO tbl_name (<non_gcol_list>) VALUES...
insert into t1 (a) values (1), (2);
select * from t1;
a	b	c
1	-1	-1
2	-2	-2
delete from t1;
select * from t1;
a	b	c
# INSERT INTO tbl_name (<normal+gcols>) VALUES... DEFAULT is specified 
# against gcols
insert into t1 (a,b) values (1,default), (2,default);
select * from t1;
a	b	c
1	-1	-1
2	-2	-2
delete from t1;
select * from t1;
a	b	c
# INSERT INTO tbl_name (<normal+gcols>) VALUES... NULL is specified against gcols
insert into t1 (a,b) values (1,null), (2,null);
ERROR HY000: The value specified for generated column 'b' in table 't1' is not allowed.
select * from t1;
a	b	c
delete from t1;
select * from t1;
a	b	c
# INSERT INTO tbl_name (<normal+gcols>) VALUES... a non-NULL value is specified 
# against gcols
insert into t1 (a,b) values (1,3), (2,4);
ERROR HY000: The value specified for generated column 'b' in table 't1' is not allowed.
select * from t1;
a	b	c
delete from t1;
select * from t1;
a	b	c
drop table t1;
# Table with UNIQUE non-gcol field. INSERT INTO tbl_name VALUES... ON DUPLICATE 
# KEY UPDATE <non_gcol>=expr, <gcol>=expr
create table t1 (a int unique, 
b int generated always as (-a) virtual,
c int generated always as (-a) stored);
insert into t1 values (1,default,default);
insert into t1 values (1,default,default) 
on duplicate key update a=2, b=default;
select a,b,c from t1;
a	b	c
2	-2	-2
delete from t1 where b in (1,2);
select * from t1;
a	b	c
2	-2	-2
drop table t1;
# Table with UNIQUE gcol field. INSERT INTO tbl_name VALUES... ON DUPLICATE 
# KEY UPDATE <non_gcol>=expr, <gcol>=expr
create table t1 (a int, 
b int generated always as (-a) virtual,
c int generated always as (-a) stored unique);
insert into t1 values (1,default,default);
insert into t1 values (1,default,default) 
on duplicate key update a=2, b=default;
select a,b,c from t1;
a	b	c
2	-2	-2
# CREATE new_table ... LIKE old_table
# INSERT INTO new_table SELECT * from old_table
create table t2 like t1;
insert into t2 select * from t1;
select * from t1;
a	b	c
2	-2	-2
drop table t2;
# CREATE new_table ... LIKE old_table INSERT INTO new_table (<non-gcols>, <gcols>) 
# SELECT <non-gcols>, <gcols> from old_table
insert into t1 values (1,default,default);
select * from t1;
a	b	c
2	-2	-2
1	-1	-1
create table t2 like t1;
insert into t2 (a,b) select a,b from t1;
select * from t2;
a	b	c
2	-2	-2
1	-1	-1
drop table t2;
drop table t1;
#
# *** UPDATE ***
#
# UPDATE tbl_name SET non-gcol=expr WHERE non-gcol=expr
create table t1 (a int, 
b int generated always as (-a) virtual,
c int generated always as (-a) stored);
insert into t1 (a) values (1), (2);
select * from t1;
a	b	c
1	-1	-1
2	-2	-2
update t1 set a=3 where a=2;
select * from t1;
a	b	c
1	-1	-1
3	-3	-3
delete from t1;
select * from t1;
a	b	c
# UPDATE tbl_name SET gcol=expr WHERE non-gcol=expr
insert into t1 (a) values (1), (2);
select * from t1;
a	b	c
1	-1	-1
2	-2	-2
update t1 set c=3 where a=2;
ERROR HY000: The value specified for generated column 'c' in table 't1' is not allowed.
select * from t1;
a	b	c
1	-1	-1
2	-2	-2
delete from t1;
select * from t1;
a	b	c
# UPDATE tbl_name SET non-gcol=expr WHERE gcol=expr
insert into t1 (a) values (1), (2);
select * from t1;
a	b	c
1	-1	-1
2	-2	-2
update t1 set a=3 where b=-2;
select * from t1;
a	b	c
1	-1	-1
3	-3	-3
delete from t1;
select * from t1;
a	b	c
# UPDATE tbl_name SET gcol=expr WHERE gcol=expr
insert into t1 (a) values (1), (2);
select * from t1;
a	b	c
1	-1	-1
2	-2	-2
update t1 set c=3 where b=-2;
ERROR HY000: The value specified for generated column 'c' in table 't1' is not allowed.
select * from t1;
a	b	c
1	-1	-1
2	-2	-2
delete from t1;
select * from t1;
a	b	c
drop table t1;
# INDEX created on gcol 
# UPDATE tbl_name SET non-gcol=expr WHERE gcol=const
create table t1 (a int, 
b int generated always as (-a) virtual,
c int generated always as (-a) stored unique);
insert into t1 (a) values (1), (2);
select * from t1;
a	b	c
1	-1	-1
2	-2	-2
update t1 set a=3 where c=-2;
select * from t1;
a	b	c
1	-1	-1
3	-3	-3
delete from t1;
select * from t1;
a	b	c
# INDEX created on gcol 
# UPDATE tbl_name SET non-gcol=expr WHERE gcol=between const1 and const2
insert into t1 (a) values (1), (2);
select * from t1;
a	b	c
1	-1	-1
2	-2	-2
update t1 set a=3 where c between -3 and -2;
select * from t1;
a	b	c
1	-1	-1
3	-3	-3
delete from t1;
select * from t1;
a	b	c
# No INDEX created on gcol 
# UPDATE tbl_name SET non-gcol=expr WHERE gcol=between const1 and const2
insert into t1 (a) values (1), (2);
select * from t1;
a	b	c
1	-1	-1
2	-2	-2
update t1 set a=3 where b between -3 and -2;
select * from t1;
a	b	c
1	-1	-1
3	-3	-3
delete from t1;
select * from t1;
a	b	c
# INDEX created on gcol 
# UPDATE tbl_name SET non-gcol=expr 
# WHERE gcol=between const1 and const2 ORDER BY gcol
insert into t1 (a) values (1), (2), (3), (4), (5);
select * from t1;
a	b	c
1	-1	-1
2	-2	-2
3	-3	-3
4	-4	-4
5	-5	-5
update t1 set a=6 where c between -1 and 0
order by c;
select * from t1;
a	b	c
6	-6	-6
2	-2	-2
3	-3	-3
4	-4	-4
5	-5	-5
delete from t1 where c between -6 and 0;
select * from t1;
a	b	c
# INDEX created on gcol 
# UPDATE tbl_name SET non-gcol=expr 
# WHERE gcol=between const1 and const2 ORDER BY gcol LIMIT 2
insert into t1 (a) values (1), (2), (3), (4), (5);
select * from t1;
a	b	c
1	-1	-1
2	-2	-2
3	-3	-3
4	-4	-4
5	-5	-5
update t1 set a=6 where c between -1 and 0
order by c limit 2;
select * from t1;
a	b	c
6	-6	-6
2	-2	-2
3	-3	-3
4	-4	-4
5	-5	-5
delete from t1 where c between -2 and 0 order by c;
select * from t1;
a	b	c
6	-6	-6
3	-3	-3
4	-4	-4
5	-5	-5
delete from t1;
# INDEX created on gcol 
# UPDATE tbl_name SET non-gcol=expr
# WHERE indexed gcol=between const1 and const2 and non-indexed gcol=const3
insert into t1 (a) values (1), (2), (3), (4), (5);
select * from t1;
a	b	c
1	-1	-1
2	-2	-2
3	-3	-3
4	-4	-4
5	-5	-5
update t1 set a=6 where (c between -2 and 0) and (b=-1);
select * from t1;
a	b	c
6	-6	-6
2	-2	-2
3	-3	-3
4	-4	-4
5	-5	-5
delete from t1;
# INDEX created on gcol 
# UPDATE tbl_name SET non-gcol=expr
# WHERE indexed gcol=between const1 and const2 and non-indexed gcol=const3
# ORDER BY indexed gcol
insert into t1 (a) values (1), (2), (3), (4), (5);
select * from t1;
a	b	c
1	-1	-1
2	-2	-2
3	-3	-3
4	-4	-4
5	-5	-5
update t1 set a=6 where (c between -2 and 0) and (b=-1) order by c;
select * from t1;
a	b	c
6	-6	-6
2	-2	-2
3	-3	-3
4	-4	-4
5	-5	-5
delete from t1;
drop table t1;
#
# Verify ON UPDATE/DELETE actions of FOREIGN KEYs
create table t2 (a int primary key, name varchar(10));
create table t1 (a int primary key, b int generated always as (a % 10) stored);
insert into t2 values (1, 'value1'), (2,'value2'), (3,'value3');
insert into t1 (a) values (1),(2),(3);
select * from t1;
a	b
1	1
2	2
3	3
select * from t2;
a	name
1	value1
2	value2
3	value3
select t1.a, t1.b, t2.name from t1,t2 where t1.b=t2.a;
a	b	name
1	1	value1
2	2	value2
3	3	value3
#  - ON UPDATE RESTRICT
alter table t1 add foreign key (b) references t2(a) on update restrict;
insert into t1 (a) values (4);
ERROR 23000: Cannot add or update a child row: a foreign key constraint fails (`test`.`t1`, CONSTRAINT `t1_ibfk_1` FOREIGN KEY (`b`) REFERENCES `t2` (`a`))
update t2 set a=4 where a=3;
ERROR 23000: Cannot delete or update a parent row: a foreign key constraint fails (`test`.`t1`, CONSTRAINT `t1_ibfk_1` FOREIGN KEY (`b`) REFERENCES `t2` (`a`))
select t1.a, t1.b, t2.name from t1,t2 where t1.b=t2.a;
a	b	name
1	1	value1
2	2	value2
3	3	value3
alter table t1 drop foreign key t1_ibfk_1;
#  - ON DELETE RESTRICT
alter table t1 add foreign key (b) references t2(a) on delete restrict;
delete from t2 where a=3;
ERROR 23000: Cannot delete or update a parent row: a foreign key constraint fails (`test`.`t1`, CONSTRAINT `t1_ibfk_1` FOREIGN KEY (`b`) REFERENCES `t2` (`a`))
select t1.a, t1.b, t2.name from t1,t2 where t1.b=t2.a;
a	b	name
1	1	value1
2	2	value2
3	3	value3
select t1.a, t1.b, t2.name from t1 left outer join t2 on (t1.b=t2.a);
a	b	name
1	1	value1
2	2	value2
3	3	value3
alter table t1 drop foreign key t1_ibfk_1;
#  - ON DELETE CASCADE
alter table t1 add foreign key (b) references t2(a) on delete cascade;
delete from t2 where a=3;
select t1.a, t1.b, t2.name from t1,t2 where t1.b=t2.a;
a	b	name
1	1	value1
2	2	value2
select t1.a, t1.b, t2.name from t1 left outer join t2 on (t1.b=t2.a);
a	b	name
1	1	value1
2	2	value2
alter table t1 drop foreign key t1_ibfk_1;
drop table t1;
drop table t2;
#
# *** REPLACE ***
#
# UNIQUE INDEX on gcol
# REPLACE tbl_name (non-gcols) VALUES (non-gcols);
create table t1 (a int, 
b int generated always as (-a) virtual,
c int generated always as (-a) stored unique,
d varchar(16));
insert into t1 (a,d) values (1,'a'), (2,'b');
select * from t1;
a	b	c	d
1	-1	-1	a
2	-2	-2	b
replace t1 (a,d) values (1,'c');
select * from t1;
a	b	c	d
1	-1	-1	c
2	-2	-2	b
delete from t1;
select * from t1;
a	b	c	d
set sql_warnings = 0;
drop table t1;
Bug#20170778: WL411:FAILING ASSERTION `!TABLE || (!TABLE->WRITE_SET ||
BITMAP_IS_SET(TABLE->WR
#
CREATE TABLE t1 (col1 INT, col2 INT, col3 INT, col4 INT, col5
INT GENERATED ALWAYS AS (col3 * col2) VIRTUAL, col6 INT GENERATED ALWAYS AS
(col4 * col1) STORED, col7 INT GENERATED ALWAYS AS (col6 + col6) VIRTUAL,
col8 INT GENERATED ALWAYS AS (col6 / col5) STORED, col9 TEXT);
SET @fill_amount = (@@innodb_page_size / 2 ) + 1;
INSERT INTO t1 (col1,col2,col3,col4,col5,col6,col7,col8,col9) VALUES /* 3 */
(3, 3 / 3, 3 + 3, 3 / 3, DEFAULT, DEFAULT, DEFAULT, DEFAULT ,REPEAT(CAST(3 AS
CHAR(1)),@fill_amount)) , (3, 3 * 3, 3 + 3, 3 / 3, DEFAULT, DEFAULT, DEFAULT,
DEFAULT ,REPEAT(CAST(3 AS CHAR(1)),@fill_amount));
UPDATE t1 SET col1 = 2;
UPDATE t1 SET col7 = DEFAULT;
UPDATE t1 SET col8 = DEFAULT;
DROP TABLE t1;
DROP VIEW  IF EXISTS v1,v2;
DROP TABLE IF EXISTS t1,t2,t3;
DROP PROCEDURE IF EXISTS p1;
DROP FUNCTION IF EXISTS f1;
DROP TRIGGER IF EXISTS trg1;
DROP TRIGGER IF EXISTS trg2;
set sql_warnings = 0;
